id,first_name,last_name,email,gender,ip_address
1,Candy,Rainsbury,crainsbury0@slate.com,Female,74.39.91.254
2,Benedetto,Sherbourne,bsherbourne1@hexun.com,Male,228.114.43.241
3,Gordan,O' Cloney,gocloney2@jimdo.com,Male,57.245.174.235
4,Brice,Lamminam,blamminam3@linkedin.com,Male,10.67.184.17
5,Brion,Sneyd,bsneyd4@macromedia.com,Male,223.56.234.75
6,Breena,Rusted,brusted5@theguardian.com,Female,223.96.237.100
7,Erena,Grcic,egrcic6@twitpic.com,Female,185.200.161.207
8,Rickie,Kennady,rkennady7@privacy.gov.au,Male,207.253.234.146
9,Alva,Phippard,aphippard8@google.nl,Male,17.114.73.255
10,Bobbee,Dudding,bdudding9@wikimedia.org,Female,166.13.182.97